billing_period,elec_cost
2026-08,0.009278759222049127
2026-09,0.009278759222049127
2026-10,0.009278759222049127
2026-11,0.009278759222049127
2026-12,0.009278759222049127
2027-01,0.009278759222049127
