billing_period,revenue
2026-08,3327880.718061257
2026-09,3371644.2881556163
2026-10,3294247.8540833085
2026-11,3214129.7933443347
2026-12,3144708.94448036
2027-01,3028390.136449719
